Ls,TOA,Eff,Direct,Diffuse,DD,Unnamed: 0
0.0,520.1427302322344,468.093566870598,288.08548617939823,209.3117217339532,3.87e-10,0.0
5.0,512.6837883680518,465.1337779084017,295.5496618469365,197.19083262961072,3.56e-10,1.0
10.0,504.8813762139523,461.56218253431246,302.7167280414793,184.70401685213156,3.25e-10,2.0
15.0,496.8380183385203,457.5016816543375,309.6631584479119,171.9052595423554,2.94e-10,3.0
20.0,488.6648062831719,453.0049995999392,316.1799422183331,159.09890393210003,2.6433333333333335e-10,4.0
25.0,480.4791361420952,448.3054738990496,322.673579575018,146.0835980511995,2.346666666666667e-10,5.0
30.0,472.4026370365996,440.7230982907079,287.18087169951104,178.53747278046143,2.05e-10,6.0
35.0,464.5592876042119,432.0132075583221,271.25589995699994,186.92710186200247,1.8833333333333333e-10,7.0
40.0,457.0736893555878,423.5989748611564,257.00070478722193,193.71891869062145,1.7166666666666667e-10,8.0
45.0,450.0694421545907,415.6278123284132,244.3439445595312,199.1672881033512,1.55e-10,9.0
50.0,443.6675504586604,409.8207309217071,237.57437764208387,200.28645730188745,1.4533333333333335e-10,10.0
55.0,437.9847820042019,404.7536298500261,232.09791132673465,200.7624633991761,1.3566666666666666e-10,11.0
60.0,433.1319060134073,400.5657639860916,227.95954500021972,200.70490579752544,1.26e-10,12.0
65.0,429.21175767715806,395.9167436054711,221.30753376719557,203.03396492822736,1.2666666666666667e-10,13.0
70.0,426.3171098155258,392.3869823261149,216.1795621478098,204.8923490445408,1.2733333333333333e-10,14.0
75.0,424.5283785747218,390.0795540872107,212.5819576994792,206.39255393922264,1.28e-10,15.0
80.0,423.9112416226724,389.0797711106911,210.52757929183937,207.6188276963392,1.2933333333333333e-10,16.0
85.0,424.5142952163896,389.4523631148346,210.03471136101825,208.625176457926,1.3066666666666668e-10,17.0
90.0,426.36690996176105,391.2389190434565,211.12611210446823,209.433496440684,1.32e-10,18.0
95.0,429.4774548647636,394.128113885918,213.0095581374826,210.60297180050628,1.3933333333333334e-10,19.0
100.0,433.8320410715143,398.4317914398204,216.506501818984,211.54103444283305,1.4666666666666668e-10,20.0
105.0,439.3938932894016,404.1109353854097,221.6335101461862,212.1830526037482,1.54e-10,21.0
110.0,446.1033979156153,411.5262728020852,229.51547786205143,211.6404592325974,1.5666666666666667e-10,22.0
115.0,453.8788160045874,420.1642341428093,239.14100174351515,210.49213069685365,1.5933333333333335e-10,23.0
120.0,462.6175995726229,429.905280314514,250.5534464514156,208.54864402685865,1.62e-10,24.0
125.0,472.1982200534785,440.5432833977243,263.6211178485928,205.7234483129436,1.7366666666666666e-10,25.0
130.0,482.4824101275711,451.97542271408383,278.5572879147286,201.6489939527387,1.8533333333333334e-10,26.0
135.0,493.3177307627834,464.0197098673227,295.4180461923161,196.04844613372865,1.97e-10,27.0
140.0,504.5403965706301,469.2969586748849,291.6819016206003,206.5291361096332,2.7033333333333333e-10,28.0
145.0,515.9783161747196,474.68844451024336,289.0777397639297,215.82640086780657,3.4366666666666667e-10,29.0
150.0,527.4543234065801,483.056160924234,321.2818596164278,188.10965268349548,4.17e-10,30.0
155.0,538.7895856424411,492.1668815009733,323.0771416723636,196.61597654489503,4.76e-10,31.0
160.0,549.8071760478022,500.8227248641802,324.43261120749366,205.1047833217285,5.35e-10,32.0
165.0,560.3357875894279,508.8365805051976,325.2211690986973,213.5062923331398,5.94e-10,33.0
170.0,570.2135503712702,515.7941804672804,324.60268579307774,222.315691481631,5.97e-10,34.0
175.0,579.2918926486545,521.7673964999699,323.2162372931823,230.8734409381251,6e-10,35.0
180.0,587.4393622821624,526.6071179386377,320.9907331362569,239.088819537652,6.03e-10,36.0
185.0,594.545301645343,531.825896495505,321.2568283131816,244.8477537003762,5.796666666666666e-10,37.0
190.0,600.5232469733837,535.7929596514409,320.5875189545283,250.23888453129365,5.563333333333334e-10,38.0
195.0,605.3139043902589,538.4576256897019,318.9713893277327,255.2165539092665,5.33e-10,39.0
200.0,608.8875407497586,537.9433567359692,311.32565262415545,263.508958269551,5.91e-10,40.0
205.0,611.2456193409115,536.0922937443449,302.917138446156,271.1339015095221,6.49e-10,41.0
210.0,612.4215100275884,533.9244058305019,301.5511312756457,270.2014820405305,7.07e-10,42.0
215.0,612.4801125358636,519.6666086900652,267.4047877563758,293.32769876010406,7.716666666666667e-10,43.0
220.0,611.5162529809041,504.36778834578274,236.2263398541075,311.7923819670643,8.363333333333333e-10,44.0
225.0,609.6517505297464,488.3315313022627,207.9395132322068,326.03723031401853,9.01e-10,45.0
230.0,607.0311067817947,476.0206967484187,189.52522522748032,333.1342692103934,9.673333333333333e-10,46.0
235.0,603.8158479274856,463.4364308159873,172.37349793614916,338.4452707905094,1.0336666666666665e-09,47.0
240.0,600.177649971719,450.8335809276487,156.55024372981396,342.1899269742264,1.1e-09,48.0
245.0,596.2904973139082,454.01606175082753,165.28274877640018,335.73641043538066,1.0283333333333332e-09,49.0
250.0,592.3222557586707,457.4258031284712,174.9331363267396,328.47984511829253,9.566666666666667e-10,50.0
255.0,588.4261661702072,461.22218681343975,185.6732933037273,320.4056901275727,8.85e-10,51.0
260.0,584.732861203718,461.35902033152615,189.87091966689195,315.6838379821328,8.160000000000001e-10,52.0
265.0,581.3435483314153,462.0823279159819,194.6903298725829,310.92092795744065,7.47e-10,53.0
270.0,578.3249648046465,463.53929871876494,200.1897729529238,306.22037879748973,6.78e-10,54.0
275.0,575.7065834653637,466.794285762439,210.3302035357315,298.21404910082265,6.136666666666667e-10,55.0
280.0,573.48034078497,469.637666553488,215.3585794360948,295.6733571132479,5.493333333333333e-10,56.0
285.0,571.6028993764886,474.2008591549241,227.29594642942965,287.098735727319,4.85e-10,57.0
290.0,570.0001908923143,481.88563963749135,246.35191112986803,273.8764284972364,4.68e-10,58.0
295.0,568.573759415098,489.9117067861831,267.1689555007272,259.00319916913475,4.51e-10,59.0
300.0,567.2082777078705,498.07153266189056,289.7183684886539,242.27112113167053,4.34e-10,60.0
305.0,565.7795566473959,494.6868880909595,281.48792273609854,247.90577366844295,4.47e-10,61.0
310.0,564.1624072263277,492.2711398197049,281.13901919555684,245.50246584203268,4.6e-10,62.0
315.0,562.2378227702716,488.7168588916704,273.30911511335034,250.47412067246523,4.73e-10,63.0
320.0,559.8990962682445,478.4274410690223,249.5317506125789,266.1577796005156,5.34e-10,64.0
325.0,557.0566444662446,467.9596580240871,228.03935785497964,278.9770932198923,5.95e-10,65.0
330.0,553.6414539573451,457.2035926874887,208.4913193977128,289.2003177788092,6.56e-10,66.0
335.0,549.6071813983768,458.450435005153,211.77625568402837,286.8304410710752,6.163333333333334e-10,67.0
340.0,544.9310250939654,459.74966267792325,220.14548922036224,278.60950402041976,5.766666666666666e-10,68.0
345.0,539.6135394957599,460.180432731867,228.21071560670032,269.7322292153101,5.37e-10,69.0
350.0,533.6775920825099,463.55880575326586,245.22106805128064,253.8810903511456,5.37e-10,70.0
355.0,527.1666692947383,465.970943338623,262.792112800648,236.2544541139244,5.37e-10,71.0
0.0,493.2147565771681,442.17716201624665,279.71340752405,188.9113424327868,3.6e-10,0.0
5.0,491.3138996873679,445.6811418944775,292.53465925699885,178.07730539241703,3.246666666666667e-10,1.0
10.0,488.89236887688986,448.335781014523,305.09347832940176,166.56081707572235,2.893333333333333e-10,2.0
15.0,486.0238860405833,450.21868632130486,317.4229704083908,154.41362315455126,2.54e-10,3.0
20.0,482.7946449817135,446.8678252253373,312.5753368305605,156.15405627299617,2.656666666666667e-10,4.0
25.0,479.3007723263356,443.1533834017463,307.4670506543191,157.77480552026418,2.773333333333333e-10,5.0
30.0,475.6458957657495,436.1547579970995,263.7969367305271,200.4160712402005,2.89e-10,6.0
35.0,471.9388381216002,432.2472990951614,252.49189579282285,209.01791081667272,2.923333333333333e-10,7.0
40.0,468.2914286408702,428.34289490250274,242.37120948451135,216.24614583487363,2.956666666666667e-10,8.0
45.0,464.8163996965724,424.55377739948017,233.380466624124,222.2945474132049,2.99e-10,9.0
50.0,461.6253200177525,421.251578197702,226.1358564147341,226.87874625926503,2.79e-10,10.0
55.0,458.8265073782384,418.30054569742833,219.92661955214817,230.66735598288392,2.59e-10,11.0
60.0,456.5228669970823,415.81775868328856,214.75257325925216,233.79672723725164,2.39e-10,12.0
65.0,454.8096186869293,416.2930358602802,216.39630882604877,232.4380546909669,2.1033333333333333e-10,13.0
70.0,453.77190627666687,417.4603536624125,219.107388420182,230.6429828398029,1.8166666666666666e-10,14.0
75.0,453.4823245563957,419.4156770019467,222.9924016211764,228.39915741950037,1.53e-10,15.0
80.0,453.99844611668544,420.1544982869223,222.82630025003385,229.4513930661493,1.52e-10,16.0
85.0,455.36047411433776,421.7994289884988,223.8738324146247,230.14604252776053,1.51e-10,17.0
90.0,457.5891769473319,424.3817003740256,226.1698582444167,230.47888619721968,1.5e-10,18.0
95.0,460.6842682858312,427.325936187867,228.2620830294508,231.4695966958328,1.53e-10,19.0
100.0,464.6233767431268,431.1853486353392,231.6184399607953,232.0545449703999,1.56e-10,20.0
105.0,469.36170626268586,435.9125388364611,236.24742432714837,232.1687378015265,1.59e-10,21.0
110.0,474.8324301510235,441.7026308494913,242.862657064092,231.2092718434876,1.6566666666666666e-10,22.0
115.0,480.947801510115,448.1946474771471,250.80593103163105,229.5217633087396,1.7233333333333333e-10,23.0
120.0,487.6009131353729,455.2697495985993,260.0949763956685,226.94741070108236,1.79e-10,24.0
125.0,494.6680090252082,461.8722181146412,268.1397088424998,225.27035961876908,1.9166666666666668e-10,25.0
130.0,502.0112396045732,468.7522441552561,277.37231053267976,222.53480653787943,2.0433333333333333e-10,26.0
135.0,509.48176001888817,475.74893676997567,287.78399977573724,218.5638802258586,2.17e-10,27.0
140.0,516.923088375975,479.8531398269416,290.80425198108367,219.82428819285803,2.5966666666666665e-10,28.0
145.0,524.1746608645984,483.6776671680447,294.52012647948743,219.95062870762467,3.023333333333333e-10,29.0
150.0,531.0755369742003,489.94703924529904,333.82783751281806,181.53395550288485,3.45e-10,30.0
155.0,537.468216816468,495.41695090282167,337.60114074252203,183.50675600034845,3.5766666666666667e-10,31.0
160.0,543.2025326059139,500.11149198931207,340.74025075082693,185.31539678893623,3.7033333333333335e-10,32.0
165.0,548.1395684705197,503.8892058338637,343.1380640550467,186.91993230095,3.83e-10,33.0
170.0,552.1555488879367,505.484308569543,340.95026714926416,191.3186528142777,3.8133333333333336e-10,34.0
175.0,555.1456185896877,505.88130145592464,337.80797398923346,195.43410170545485,3.7966666666666665e-10,35.0
180.0,557.0274181136442,504.9941194653669,333.6739909327162,199.20945178215192,3.78e-10,36.0
185.0,557.7443413660117,500.6975826536284,321.2991236590417,208.60285929603103,3.89e-10,37.0
190.0,557.2683462281758,494.994664138121,308.17703499526846,217.2298013288983,3.9999999999999996e-10,38.0
195.0,555.602177703558,487.9198500367222,294.39736384944257,225.02614672939492,4.11e-10,39.0
200.0,552.7808564105565,476.6656964017904,272.66840865717256,237.2061485402532,4.666666666666666e-10,40.0
205.0,548.8722844155162,464.2134171510555,251.29256496883644,247.58238625839428,5.223333333333333e-10,41.0
210.0,543.9768266693492,451.9805409697218,237.27023944997143,249.66314130203529,5.78e-10,42.0
215.0,538.2257412680996,424.9090004874988,190.5102868089344,272.55664381228416,7.386666666666667e-10,43.0
220.0,531.7783575706607,398.1530363634029,151.72003920698484,286.5499966935094,8.993333333333333e-10,44.0
225.0,524.8179406199881,372.2153118356673,119.89843363384789,293.3917188393248,1.06e-09,45.0
230.0,517.5462363590696,362.75759218546045,113.52219778380636,289.8085981414582,1.0386666666666668e-09,46.0
235.0,510.1767673802486,353.51975322733267,107.47375694648592,286.0999956754032,1.0173333333333333e-09,47.0
240.0,502.92704417598793,344.7296976659308,101.85801437006565,282.4089340649595,9.96e-10,48.0
245.0,496.009969204125,339.7052197531325,100.81066311517806,277.78436818366805,9.6e-10,49.0
250.0,489.62483203178266,335.4684875557622,100.25411677241044,273.50508230622296,9.24e-10,50.0
255.0,483.9484079143124,332.19152481267906,100.28020526132651,269.66432505971227,8.88e-10,51.0
260.0,479.12675750770336,332.8246058084826,104.90567929438104,265.0220075745367,8.15e-10,52.0
265.0,475.2683571052024,334.7058230005611,110.58834187800926,260.6017222355254,7.42e-10,53.0
270.0,472.439145392749,337.98504980037933,117.46029069925238,256.4241384896825,6.69e-10,54.0
275.0,470.6599443368186,343.6191354219419,128.32128556293313,250.3463370453591,6.04e-10,55.0
280.0,469.9065067235668,349.497117621661,136.28128525541288,247.9253864723816,5.39e-10,56.0
285.0,470.1121891177757,357.9782218565224,150.58766556809735,241.15180963770356,4.74e-10,57.0
290.0,471.1729890450732,364.6262714515468,160.87584138802868,236.91910472502104,4.676666666666667e-10,58.0
295.0,472.9544645909258,372.2883242099506,172.3764982785859,232.4556115480985,4.6133333333333334e-10,59.0
300.0,475.29990920723935,380.7734625999183,185.0258627753012,227.61348816815936,4.55e-10,60.0
305.0,478.03910124409873,375.6596212065116,169.05442302408983,240.23860253769976,5.416666666666667e-10,61.0
310.0,480.9969823510454,372.52626147097146,160.36198535900968,246.702646641816,6.283333333333333e-10,62.0
315.0,484.0017207013052,368.75099422813366,148.0590731410161,256.6185128919972,7.15e-10,63.0
320.0,486.891755317126,372.4746611222313,149.43914752449902,259.3436204624794,7.27e-10,64.0
325.0,489.52156855314826,376.0620189647905,150.80362380209667,261.92836646824867,7.39e-10,65.0
330.0,491.7660733744545,379.35323424585766,152.0512553498222,264.30462662329705,7.51e-10,66.0
335.0,493.5236174135295,391.0161106260401,166.17053283095444,261.44834627335547,6.86e-10,67.0
340.0,494.7176918174509,403.10534514742153,185.94334808031863,252.51395007802665,6.21e-10,68.0
345.0,495.29749025701335,414.45612006675344,206.9424824758464,241.2949274312872,5.56e-10,69.0
350.0,495.23749606322366,424.3547496141196,227.6994424040675,228.6689618721536,5.56e-10,70.0
355.0,494.5362883908526,433.2924958028128,249.3520846574794,213.8841990062016,5.56e-10,71.0
0.0,481.901538268492,440.90303203859776,306.4605226240405,156.32849931925256,4.46e-10,0.0
5.0,481.2884895730919,443.5609493022848,314.3342330083886,150.26362359755376,3.986666666666667e-10,1.0
10.0,480.11980262292326,445.4335239460302,321.619704963958,143.96955695589793,3.513333333333333e-10,2.0
15.0,478.4618561461588,446.5916648711881,328.35348709282573,137.48625323065397,3.04e-10,3.0
20.0,476.39426080493,444.60124639038,324.8485999205852,139.24726333697078,3.41e-10,4.0
25.0,474.00728361639375,442.200897796156,321.0162223608734,140.9124132968402,3.78e-10,5.0
30.0,471.3993595140137,436.4931167391847,276.3359851725993,186.2292227518435,4.15e-10,6.0
35.0,468.6747132255074,432.57479412882776,261.85965425978026,198.50597659191573,4.65e-10,7.0
40.0,465.94108810972887,428.6120607197418,248.89583077595069,208.97236039975712,5.15e-10,8.0
45.0,463.3075556904154,424.7030332488812,237.32133123778783,217.8857000128993,5.65e-10,9.0
50.0,460.8823626522896,421.5465249931305,228.5797266081094,224.3799981221175,5.413333333333333e-10,10.0
55.0,458.7707636734783,418.6572144551093,220.94221730688776,229.9011594746761,5.176666666666666e-10,11.0
60.0,457.0727912850893,416.143592381921,214.37827792439,234.6108307645709,4.94e-10,12.0
65.0,455.8809298957673,416.77006690798,215.2680329889577,234.30469060351427,4.4466666666666663e-10,13.0
70.0,455.27769045533313,417.9819061554367,217.1246034517135,233.55500314386424,3.953333333333333e-10,14.0
75.0,455.3331225497556,419.8694483263433,220.03390129973607,232.36691514721775,3.46e-10,15.0
80.0,456.1023463277416,421.33731252144025,221.14254827138103,232.7846095930921,3.3366666666666665e-10,16.0
85.0,457.6232288921626,423.5986964983073,223.38354629795,232.808314186462,3.2133333333333336e-10,17.0
90.0,459.9143586282704,426.6829694322474,226.80636385182004,232.41465765165972,3.09e-10,18.0
95.0,462.97347779871257,429.8401389094226,229.52441533246483,232.9252599732067,3.076666666666667e-10,19.0
100.0,466.7765145539557,433.793458155479,233.43858949311388,232.97077751437809,3.063333333333333e-10,20.0
105.0,471.2773127969886,438.4949826955949,238.5651865639774,232.47650712978785,3.05e-10,21.0
110.0,476.4081009912612,443.99084706745015,245.2352801756709,231.11112429276653,3.17e-10,22.0
115.0,482.0806816196235,450.06803272325766,253.16627840561543,228.95552827632815,3.29e-10,23.0
120.0,488.1882738228044,456.6101314940893,262.3778909739818,225.85144246524132,3.41e-10,24.0
125.0,494.60791086826606,462.74967509388784,270.78495658141594,223.2147889679906,3.6166666666666666e-10,25.0
130.0,501.2032836025172,469.0607743827541,280.353300762643,219.42729490710596,3.8233333333333336e-10,26.0
135.0,507.82792745112073,475.3896634614403,291.0861004046606,214.3064686706741,4.03e-10,27.0
140.0,514.3286670140062,478.4479417532808,293.41483982119604,215.15476968847065,4.723333333333334e-10,28.0
145.0,520.5492513364501,481.1333734423053,296.3775480702008,214.8323550838425,5.416666666666667e-10,29.0
150.0,526.3341284174414,486.2740576963554,335.33120619468764,175.51494360659046,6.11e-10,30.0
155.0,531.5323158082934,491.535597743137,341.89480848017865,174.00091774762598,6.023333333333333e-10,31.0
160.0,536.0013241198262,496.000185090262,347.91189271913555,172.1956888036354,5.936666666666667e-10,32.0
165.0,539.6110826858832,499.5433872203147,353.2794873700767,170.0743021514395,5.85e-10,33.0
170.0,542.2478034546381,500.6950980304284,353.21324990584594,171.4905210750959,5.86e-10,34.0
175.0,543.8177027642924,500.66199325373645,352.17688482085345,172.65710282893377,5.87e-10,35.0
180.0,544.2504833179961,499.3745748060989,350.12921985262807,173.54111041101254,5.88e-10,36.0
185.0,543.5024623929176,494.5347482297005,338.9421592759044,180.92161506255368,6.213333333333334e-10,37.0
190.0,541.5592186818114,488.3082170403461,326.8570121955482,187.73395912185805,6.546666666666667e-10,38.0
195.0,538.437620390746,480.7381386942474,313.962008863204,193.9257323616784,6.88e-10,39.0
200.0,534.1870922887841,466.2509864864873,284.83438070065296,210.94954161143528,8.353333333333333e-10,40.0
205.0,528.8899802607418,450.5860870373197,256.8754656090679,225.2449086375021,9.826666666666666e-10,41.0
210.0,522.6608796580414,435.3115886526928,237.36966113936944,230.1650319922365,1.13e-09,42.0
215.0,515.6448098684942,407.6747496913936,190.0219747191528,253.08462206074515,1.48e-09,43.0
220.0,508.0141440798298,380.5458926003714,150.72081431375503,267.23846312397256,1.83e-09,44.0
225.0,499.9642428067463,354.42719537581075,118.50747043885984,274.3252615545941,2.18e-09,45.0
230.0,491.70779529065226,344.6660910902161,112.39764406898566,270.0795895595703,2.0999999999999998e-09,46.0
235.0,483.467946830792,335.22809226336926,106.63757890129176,265.80292251404364,2.02e-09,47.0
240.0,475.4703831967429,326.34276171642585,101.33682506149388,261.6348100638744,1.94e-09,48.0
245.0,467.93465269211646,320.70098408904744,100.01202792498522,256.6150653070491,1.8366666666666665e-09,49.0
250.0,461.0651238797959,315.96889874537266,99.25106552455335,251.99748048932477,1.7333333333333333e-09,50.0
255.0,455.0420873552487,312.318437414602,99.1505516659384,247.8696345914692,1.63e-09,51.0
260.0,450.0135919203461,311.446392702517,102.08410894580491,243.44451599617685,1.5266666666666666e-09,52.0
265.0,446.08863479621033,311.9231662098391,105.9947078148488,239.45169580812825,1.4233333333333334e-09,53.0
270.0,443.33228124474107,313.8844543585544,110.9871831971266,235.92705949003235,1.32e-09,54.0
275.0,441.76316155631935,318.0543371118994,119.32255435927765,231.08346831700203,1.22e-09,55.0
280.0,441.353590973292,322.4893444507716,124.55601217791488,230.1550375265775,1.12e-09,56.0
285.0,442.0323082562444,329.62012951843553,135.71958948343334,225.4657442267467,1.02e-09,57.0
290.0,443.6895728131264,335.7754767509906,144.14949470120985,222.82090936021015,1.0166666666666667e-09,58.0
295.0,446.18414319907225,343.04998324357143,153.68868067773585,220.18756112306468,1.0133333333333333e-09,59.0
300.0,449.35151644989423,351.2588954294025,164.26854246861652,217.4306429776581,1.01e-09,60.0
305.0,453.0127547165711,352.0534906503801,159.30012207107157,224.13182392942855,1.1266666666666667e-09,61.0
310.0,456.9832589202725,354.7129662858611,160.37701174596148,225.972040162674,1.2433333333333334e-09,62.0
315.0,461.080948417513,356.502279076886,156.58283939593792,232.46446474528847,1.36e-09,63.0
320.0,465.1334429383757,360.083216746346,156.2058004003083,237.06676319306703,1.37e-09,64.0
325.0,468.9839908964533,363.6310569738364,155.93419137920986,241.5079832495657,1.38e-09,65.0
330.0,472.49602537224285,366.9755799714631,155.65324669116427,245.7236433491846,1.39e-09,66.0
335.0,475.5563428567118,381.4925791627514,174.41129007396265,240.79219661487068,1.2073333333333333e-09,67.0
340.0,478.0769851760306,396.5856438132753,200.0826405033393,228.49186431387903,1.0246666666666666e-09,68.0
345.0,479.99596247404526,410.97440705611695,228.0176314932995,212.7404367009505,8.42e-10,69.0
350.0,481.2769884477167,421.72737471623566,250.69399277193588,198.8760255166277,8.42e-10,70.0
355.0,481.9084131356494,431.4860424683602,274.23738288096666,182.84727858999253,8.42e-10,71.0
0.0,518.0032393691641,470.0593454240071,300.04413919909626,197.69210026152427,7.89e-10,0.0
5.0,511.5721694925996,467.5777952110541,306.7038697161909,187.0627040637944,7.203333333333333e-10,1.0
10.0,504.7614473587126,464.4629328516085,312.9681248833294,176.15675345148736,6.516666666666666e-10,2.0
15.0,497.6686458059984,460.8295669986037,318.9068998677937,165.02635712884876,5.83e-10,3.0
20.0,490.4007078246185,456.723292684732,324.2961595977852,153.98503847319398,5.21e-10,4.0
25.0,483.0716175159819,452.3694706684868,329.5433170581717,142.82110884920365,4.5899999999999997e-10,5.0
30.0,475.8002469547203,445.2495865567872,292.2559793300435,177.89954328691124,3.97e-10,6.0
35.0,468.7083801776192,438.12889050886224,279.0400322787479,184.9870444536213,3.72e-10,7.0
40.0,461.9188873184216,431.2489589824237,267.26088625350457,190.68380549874317,3.4700000000000004e-10,8.0
45.0,455.5539982418407,424.75131906991135,256.8842276109614,195.19429239412784,3.22e-10,9.0
50.0,449.7336082306945,418.18236517091367,246.1739461676869,200.00978953863583,2.9866666666666667e-10,10.0
55.0,444.5735410474501,412.2757922743823,236.9420329366265,203.8764643462277,2.7533333333333336e-10,11.0
60.0,440.18369971604255,407.1671932406312,229.16928706235657,206.9743095096216,2.52e-10,12.0
65.0,436.6660546053672,403.9866021331089,225.4911587330138,207.55284116290133,2.26e-10,13.0
70.0,434.1124520380511,401.85459002249394,223.20611886460867,207.73078041614568,2e-10,14.0
75.0,432.6022720584903,400.87453819504685,222.36619212839375,207.56784426355009,1.74e-10,15.0
80.0,432.2000150366165,400.4642936598903,221.28467696637765,208.34839150408445,1.7333333333333333e-10,16.0
85.0,432.9529441564369,401.3493308626996,221.7421257482874,208.84558734233983,1.7266666666666666e-10,17.0
90.0,434.8889438079031,403.5701954399125,223.77621766438844,209.0627648552605,1.72e-10,18.0
95.0,438.01476329019926,405.4830266681975,223.1096907454964,212.0620185147687,1.8733333333333333e-10,19.0
100.0,442.3147967408044,408.7091426205724,224.00258391440977,214.77506826297983,2.0266666666666666e-10,20.0
105.0,447.7505065828348,413.2053593291076,226.42393426762231,217.18770355986655,2.18e-10,21.0
110.0,454.26053862922186,420.9021921217336,235.5530837254516,215.5222190654442,2.2266666666666667e-10,22.0
115.0,461.7615158687113,429.7365189430317,246.46443516610492,213.10707415921715,2.2733333333333332e-10,23.0
120.0,470.14944802364346,439.58689284242,259.22366155082767,209.72468754836316,2.32e-10,24.0
125.0,479.30166387256816,449.159417771534,270.5364205771115,207.7011595283982,2.476666666666667e-10,25.0
130.0,489.0791652222327,459.4224950851378,283.51919600996365,204.5387198548537,2.6333333333333335e-10,26.0
135.0,499.3293114429807,470.1976273199492,298.1958835692081,200.0020276171408,2.79e-10,27.0
140.0,509.8887641502161,477.3364140903177,301.9581935378643,203.9281634330854,3.8133333333333336e-10,28.0
145.0,520.5866446632542,484.54848255978567,306.71192575568426,206.78669395825744,4.836666666666668e-10,29.0
150.0,531.2478755590486,494.3954586390022,348.8941408425988,169.1875788330272,5.86e-10,30.0
155.0,541.6966878663545,502.8496280336064,350.634421178894,176.9944265752469,6.700000000000001e-10,31.0
160.0,551.7602758252533,510.78316476921975,351.8724094229668,184.77994807703828,7.54e-10,32.0
165.0,561.2725723744151,518.0150469117691,352.4800387307438,192.482567652355,8.38e-10,33.0
170.0,570.0781025976739,523.7006546930306,350.08935873678,201.87359994912856,8.92e-10,34.0
175.0,578.0358517578073,528.3378755897529,346.8843407984338,210.9924823154874,9.46e-10,35.0
180.0,585.023061764707,531.7872554014614,342.8010617418227,219.751387976324,1e-09,36.0
185.0,590.9388471814933,533.4425000462388,335.0841864762047,230.6492018256211,1.0633333333333334e-09,37.0
190.0,595.7075010079043,533.7550438833301,326.5329847731154,240.9558826862962,1.1266666666666667e-09,38.0
195.0,599.281343010655,532.6903911407095,317.178887646638,250.5947715047343,1.19e-09,39.0
200.0,601.6429506149082,531.6736583743852,310.9433311042254,256.6631712443718,1.2033333333333333e-09,40.0
205.0,602.8066056408952,529.3590092220761,303.89529060146685,262.167114675127,1.2166666666666668e-09,41.0
210.0,602.8187909877159,526.8132601104644,304.02579822736607,259.0551882361608,1.23e-09,42.0
215.0,601.757581684569,513.0268414006026,272.5238617379859,279.6546275146706,1.3833333333333333e-09,43.0
220.0,599.7307970883729,498.2625424269386,243.33089466973672,296.4321485548859,1.5366666666666667e-09,44.0
225.0,596.8728185302383,482.8142716777383,216.47643930269308,309.6951539244712,1.69e-09,45.0
230.0,593.3400327948559,471.21097176125136,199.67337946189036,315.7413863946058,1.7466666666666666e-09,46.0
235.0,589.3049393199149,459.3887503713888,183.8204583322233,320.42824655716925,1.8033333333333333e-09,47.0
240.0,584.9490588536192,447.6014798917218,169.0256977890872,323.92532802631933,1.86e-09,48.0
245.0,580.4549005408894,447.2256714773278,173.46563218058787,318.32562708923246,1.7566666666666666e-09,49.0
250.0,575.9973740630005,447.16565409036593,178.43861483538487,312.47330145928026,1.6533333333333334e-09,50.0
255.0,571.7351571988919,447.58972105165697,184.0703703920475,306.4178496041972,1.55e-09,51.0
260.0,567.8026238639156,448.454309293651,190.1315077051323,300.3753506843241,1.4533333333333333e-09,52.0
265.0,564.3029769523811,450.0444379232528,197.0418221123657,294.18908815219424,1.3566666666666667e-09,53.0
270.0,561.3031913915133,452.4974771834056,204.88053879721312,287.9266725420844,1.26e-09,54.0
275.0,558.8312450237847,453.3293887135108,210.12301023700184,282.79811450756847,1.2e-09,55.0
280.0,556.8759066520681,453.8161198671712,209.92585704755345,283.59332886002073,1.14e-09,56.0
285.0,555.389090966814,456.1923024691309,216.4841211404689,278.73044340542106,1.08e-09,57.0
290.0,554.2905234058076,461.2937040940874,228.3805255992452,270.829277319584,1.0523333333333333e-09,58.0
295.0,553.4742318687496,466.8708308446495,241.21793407623585,262.3870892655973,1.0246666666666666e-09,59.0
300.0,552.8162340514274,472.7419213459675,254.9046943795451,253.299101123747,9.97e-10,60.0
305.0,552.1827365792878,471.0231230857999,249.9191221840298,257.0976754671745,1.0746666666666667e-09,61.0
310.0,551.4382005560395,470.4074167417748,252.09202705757463,253.8551042839537,1.1523333333333334e-09,62.0
315.0,550.452735794815,468.6511699617288,247.37934525502936,257.29281942639466,1.23e-09,63.0
320.0,549.1084327802807,464.7616742211261,238.22634763594408,263.41317044788605,1.2966666666666667e-09,64.0
325.0,547.3043979296554,460.5655338072015,229.4000616547128,268.79706064242873,1.3633333333333334e-09,65.0
330.0,544.9604013748851,455.9449891622924,220.79401646930995,273.4313635964912,1.43e-09,66.0
335.0,542.0191637722559,457.918093597939,224.0544111726797,271.934514447976,1.3533333333333334e-09,67.0
340.0,538.4473944325326,459.97835739493866,232.7803854044241,264.18368836106345,1.2766666666666666e-09,68.0
345.0,534.2357482792294,461.1802407208877,241.1724371105423,255.82302745389,1.2e-09,69.0
350.0,529.3978981257962,464.861093335289,257.85118798459695,240.70919226824668,1.2e-09,70.0
355.0,523.9689271169608,467.5714255476979,274.8936097243047,224.0439718876665,1.2e-09,71.0
0.0,505.6040337657321,453.6985500931849,282.5122011364026,199.0538941357933,4.69e-10,0.0
5.0,492.8146399236117,445.4515684480693,287.69156935910775,183.4418594057693,4.0333333333333334e-10,1.0
10.0,479.9001978497463,436.9096537025854,292.78795089159433,167.58337536161753,3.3766666666666664e-10,2.0
15.0,466.9855285815741,428.23543340880207,297.929209765697,151.51886470128494,2.72e-10,3.0
20.0,454.1991236486851,418.3745835032917,298.9729133801061,138.83915130602975,2.3733333333333334e-10,4.0
25.0,441.67136762626143,408.7215214938567,300.13875557001825,126.2590301439982,2.0266666666666664e-10,5.0
30.0,429.5330251595403,394.923852519963,259.4566186028369,157.52003943851872,1.68e-10,6.0
35.0,417.91396692876725,381.903265086784,241.37014053355043,163.4106099456204,1.5633333333333334e-10,7.0
40.0,406.94208185059625,369.5326050507996,225.2387100707489,167.78359881401238,1.4466666666666666e-10,8.0
45.0,396.7423007898104,357.973972160745,210.9854124789788,170.91692986251886,1.33e-10,9.0
50.0,387.4356422876736,346.9905885241619,197.55893946610664,173.7577314628549,1.35e-10,10.0
55.0,379.1381857705115,337.12496685643555,185.9811485309418,175.74862595987648,1.3700000000000002e-10,11.0
60.0,371.9598848591052,328.5145862913806,176.1956283612709,177.11506736059266,1.39e-10,12.0
65.0,366.00315453702535,321.16577930314,167.88771707505003,178.23030491638366,1.43e-10,13.0
70.0,361.3612011514255,315.3105919710417,161.30832803369177,179.07239992715105,1.47e-10,14.0
75.0,358.11611088074903,311.04604458590507,156.4288724017625,179.7874095164448,1.51e-10,15.0
80.0,356.3367644009225,307.7711529121924,151.78425913433665,181.3801090440183,1.6233333333333334e-10,16.0
85.0,356.0766939493783,306.2291180051067,148.8474366526043,183.00195506104933,1.7366666666666666e-10,17.0
90.0,357.3720333895568,306.4594896706373,147.58896517639076,184.73316801656577,1.85e-10,18.0
95.0,360.2397233197677,308.51121024885185,148.05249913132914,186.5798966482822,1.99e-10,19.0
100.0,364.6761176163236,312.352664208385,150.17176173103502,188.58244474110467,2.13e-10,20.0
105.0,370.6560978039669,317.9596051428855,153.95284607828694,190.70553379604485,2.27e-10,21.0
110.0,378.1327467205685,327.1359222177193,163.33606043081414,190.4649555661688,2.346666666666667e-10,22.0
115.0,387.0375763567996,338.0227974976796,174.7789167990054,189.8184659286909,2.423333333333333e-10,23.0
120.0,397.28125931572936,350.53069080686123,188.4140631839286,188.5077065382938,2.5e-10,24.0
125.0,408.754787451549,361.2700077790065,196.5584418651601,191.52507664400747,2.926666666666667e-10,25.0
130.0,421.3309769151082,373.2702907097291,206.35476628863708,194.0878190942931,3.353333333333333e-10,26.0
135.0,434.8662521638358,386.3652900536946,217.78858809228,196.01942088536575,3.78e-10,27.0
140.0,449.2026649962044,398.3251496327299,225.69481055109176,200.73295242050943,4.52e-10,28.0
145.0,464.1701300900823,410.9636458164694,234.87710325883057,204.75179367167303,5.26e-10,29.0
150.0,479.5888790704488,428.3691825151821,277.23274142528527,175.74004777894982,6e-10,30.0
155.0,495.2721465997389,441.48616474951285,280.85639996835783,186.778796257157,6.616666666666667e-10,31.0
160.0,511.0291028242391,454.6176375426765,284.3534299113951,197.98163678055977,7.233333333333333e-10,32.0
165.0,526.6680372522012,467.5527452239047,287.57452623331375,209.2769988262686,7.85e-10,33.0
170.0,541.9997815958586,483.0339726759125,298.692052708292,214.35106972979128,7.973333333333333e-10,34.0
175.0,556.8413356604275,497.9776624968313,309.4359568945543,219.23454139799645,8.096666666666667e-10,35.0
180.0,571.0196334571857,512.1893666497441,319.67125240544465,223.8582723770924,8.22e-10,36.0
185.0,584.3753586018577,521.6996298920362,317.0439494819499,237.9717214070771,8.913333333333333e-10,37.0
190.0,596.7666906928964,530.1315661785267,313.6642973545205,251.70612653954208,9.606666666666667e-10,38.0
195.0,608.0728394572544,537.3572026500943,309.49130606569474,264.96034486558096,1.03e-09,39.0
200.0,618.1972025860574,546.4283480944941,312.8944282356949,271.55106960325503,1.0333333333333333e-09,40.0
205.0,627.0699679831763,554.1779025445145,315.35000004302486,277.7068633738251,1.0366666666666666e-09,41.0
210.0,634.6499734795661,561.414980482602,324.87584444051106,275.0455070256872,1.04e-09,42.0
215.0,640.9256392221565,548.3120120899089,279.3645424478887,312.7296158628142,1.2899999999999999e-09,43.0
220.0,645.9148027919935,533.7339300344577,239.78318838386537,341.8031879658051,1.54e-09,44.0
225.0,649.6633180479223,517.9640190492055,205.38893235207695,363.459403136196,1.79e-09,45.0
230.0,652.2423293487833,524.2785499332912,212.94774630631545,362.0125623569485,1.64e-09,46.0
235.0,653.7442062138215,529.6541175948998,220.35663557386584,359.64823490817906,1.49e-09,47.0
240.0,654.277220700164,534.2077277231544,227.6789154804155,356.4288514450453,1.34e-09,48.0
245.0,653.9591679773042,534.2853278955021,227.6534340829307,356.5487137355481,1.2666666666666666e-09,49.0
250.0,652.9102609828642,533.8060302812722,227.4170459632681,356.26626083488856,1.1933333333333333e-09,50.0
255.0,651.2457565775434,532.9037190158151,227.0508320904018,355.6428917737364,1.12e-09,51.0
260.0,649.0688704633691,538.2388954501143,239.64490378812425,347.20231588603497,1.023e-09,52.0
265.0,646.4645852493779,543.2980581332914,252.99400276885743,337.5628550749232,9.26e-10,53.0
270.0,643.4949278396305,548.2050424993977,267.1594951383076,326.7971480942908,8.29e-10,54.0
275.0,640.1961779286869,551.4185643302424,280.73087995451186,314.7531213671285,7.556666666666666e-10,55.0
280.0,636.5782765483495,553.5750961830853,287.6058581243953,309.2665558821976,6.823333333333334e-10,56.0
285.0,632.6264603241331,556.3919420671674,302.2173642054147,295.55183472296824,6.09e-10,57.0
290.0,628.3048961567498,553.6922889377242,303.1551571727952,291.32224623828955,6.473333333333333e-10,58.0
295.0,623.5618785068183,550.6681902493565,303.94148835167687,286.8915138345112,6.856666666666667e-10,59.0
300.0,618.3360135358581,547.2281743699044,304.49912320383777,282.24308275124025,7.24e-10,60.0
305.0,612.5627679730583,528.5646986855364,266.85592678133247,304.3125254700046,9.493333333333334e-10,61.0
310.0,606.1808011308204,510.4710846880633,239.79711401279155,314.7371752038043,1.1746666666666665e-09,62.0
315.0,599.1376046334382,491.23669537036665,210.0361741623404,326.977350241891,1.4e-09,63.0
320.0,591.3941168147686,485.89087487452025,209.5817124232058,321.28972378059814,1.34e-09,64.0
325.0,582.928128815891,479.7595806773728,208.6581997429334,315.23416387725507,1.28e-09,65.0
330.0,573.7364353113408,472.81270014899775,207.22848929607025,308.8188498289855,1.22e-09,66.0
335.0,563.8357915994908,471.2137609590104,214.14356253007452,298.9188353824836,1.084e-09,67.0
340.0,553.2628158241312,469.4854549516072,226.395569363136,282.662657661013,9.48e-10,68.0
345.0,542.0730216023868,466.8168404550557,238.8848037813728,265.037251946143,8.12e-10,69.0
350.0,530.3391869160204,462.92926675572863,250.761282776693,246.7069581151577,8.12e-10,70.0
355.0,518.1492655976361,458.2782122297932,262.8783165817172,227.20918098613495,8.12e-10,71.0
0.0,520.3203605632331,462.3010438424935,270.5980842486092,222.9104181324236,7.71e-10,0.0
5.0,512.7258529166944,460.1936892486132,280.1488606001215,209.3544519168508,6.963333333333333e-10,1.0
10.0,504.7927725685763,457.4430966844843,289.5618579639929,195.21074269824584,6.216666666666667e-10,2.0
15.0,496.62428337350417,454.17341879088417,298.9167029145039,180.5310649725352,5.47e-10,3.0
20.0,488.3320072454435,448.52351767338473,301.3397424065735,171.1439247288503,4.986666666666666e-10,4.0
25.0,480.0337710930661,442.7033763301952,303.5855886688171,161.7648693736955,4.5033333333333333e-10,5.0
30.0,471.8515466098155,433.7693328422665,266.6417189122623,194.3344348023305,4.02e-10,6.0
35.0,463.9095794921204,426.4652640019946,256.14135768162123,198.0510538608993,3.6933333333333335e-10,7.0
40.0,456.33267638958665,419.4723060869552,246.85849432267895,200.71373460962343,3.3666666666666664e-10,8.0
45.0,449.2445943072137,412.9367586927996,238.80043112044203,202.48410182832276,3.04e-10,9.0
50.0,442.7664605890794,405.8878686614775,228.96977615967333,205.7187122114001,2.8233333333333334e-10,10.0
55.0,437.0151446993431,399.583587064423,220.5535158045764,208.17450146493795,2.6066666666666665e-10,11.0
60.0,432.10150845597593,394.1614750354677,213.54658584334277,210.01731301409885,2.39e-10,12.0
65.0,428.1284811058293,390.2689837638406,209.24159635463263,210.4969621037302,2.19e-10,13.0
70.0,425.1889398367504,387.50820625631945,206.3354521002582,210.66599320472235,1.99e-10,14.0
75.0,423.36342234326014,385.9835371791205,204.8709388246241,210.5960445982516,1.79e-10,15.0
80.0,422.7177497297224,385.6946661098482,204.6835736073406,210.4780145377996,1.7666666666666668e-10,16.0
85.0,423.300686007839,386.7951937556403,206.03899494997336,210.1816265182173,1.7433333333333333e-10,17.0
90.0,425.14179394958376,389.3291187844642,208.9944385827112,209.69148860668952,1.72e-10,18.0
95.0,428.2496568849028,391.1701035942467,208.30226126584827,212.637025963254,1.8766666666666666e-10,19.0
100.0,432.6106178746706,394.42112622362544,209.1820214069277,215.3943079263927,2.0333333333333333e-10,20.0
105.0,438.1881443221074,399.0410873829712,211.60374028184668,217.95040360595877,2.19e-10,21.0
110.0,444.9228671572416,407.7363096175415,222.4227967331965,215.4808289352848,2.19e-10,22.0
115.0,452.73328287599577,417.691485496692,235.2196328401195,212.1765728564796,2.19e-10,23.0
120.0,461.5170571327652,428.7868193844596,250.10553215059304,207.76893864403087,2.19e-10,24.0
125.0,471.1528389620243,437.70916766709473,258.18776209728844,208.7458204300073,2.506666666666667e-10,25.0
130.0,481.50248718399,447.4119697322398,267.75613368033856,208.90213494407124,2.8233333333333334e-10,26.0
135.0,492.4136212406072,457.7174944532232,278.7814995807427,208.06511031683775,3.14e-10,27.0
140.0,503.7224300491761,465.25955650776257,281.8444356740675,213.27339631825012,4.1299999999999997e-10,28.0
145.0,515.2566961218507,472.96945850261216,285.8955566664686,217.52779283272508,5.12e-10,29.0
150.0,526.8390113710282,483.6948834544676,325.1375016239659,184.3690486401183,6.11e-10,30.0
155.0,538.2901715530961,491.7252395837912,323.04340392061255,196.14166937578915,7.093333333333333e-10,31.0
160.0,549.4327367659624,499.2710057800749,320.56850808930363,207.7936019660131,8.076666666666667e-10,32.0
165.0,560.0947364912083,506.1402910018054,317.5894699509336,219.2451407568277,9.06e-10,33.0
170.0,570.1134813222105,513.3871776236361,317.63470867376776,227.61914994170743,9.216666666666666e-10,34.0
175.0,579.3394222420403,519.662742128634,316.9194358086745,235.74803060460408,9.373333333333332e-10,35.0
180.0,587.6399746185432,524.816949024798,315.3708257549163,243.54200380218796,9.53e-10,36.0
185.0,594.9032002077527,529.1148188173315,312.7391305328309,251.599637540117,9.596666666666666e-10,37.0
190.0,601.041218279252,532.1379651063212,309.2033308333774,259.2263189220277,9.663333333333334e-10,38.0
195.0,605.9931980606401,533.8354131095834,304.7667645982454,266.3588936178349,9.73e-10,39.0
200.0,609.7277704194008,533.1126205807203,296.66235274815074,274.9421718983367,1.0153333333333333e-09,40.0
205.0,612.2446884365944,531.0514952167047,287.85234586083027,282.7897085533423,1.0576666666666666e-09,41.0
210.0,613.5755658728882,528.6853247705703,285.7245989661038,282.51247186565865,1.1e-09,42.0
215.0,613.7835315126779,512.2540878233298,248.358096000932,306.8558044446486,1.3066666666666667e-09,43.0
220.0,612.9616586150569,494.8578108422093,215.02332531423892,325.38893666043066,1.5133333333333333e-09,44.0
225.0,611.2300654013842,476.839083747724,185.4641732719687,338.8080354369248,1.72e-09,45.0
230.0,608.73163813041,470.6368000631958,178.3042625510192,339.92155524671693,1.7033333333333334e-09,46.0
235.0,605.6264057710829,464.0469112101621,171.19816680001136,340.5217958257566,1.6866666666666666e-09,47.0
240.0,602.0846955387226,457.2808047729196,164.2698232095185,340.71044367837334,1.67e-09,48.0
245.0,598.2793186436292,458.4322828804936,169.99620707571518,335.39078581950974,1.57e-09,49.0
250.0,594.3771665067821,459.7641014439708,176.26659767903334,329.64826019178776,1.47e-09,50.0
255.0,590.5307229965189,461.43689992849295,183.2049920016067,323.5254743335887,1.37e-09,51.0
260.0,586.8700946449248,461.3963134657147,186.9421343993475,319.1327663562409,1.3133333333333333e-09,52.0
265.0,583.4962017803218,461.92522885802936,191.26208205068752,314.7245893108626,1.2566666666666667e-09,53.0
270.0,580.4757361230885,463.1735421278176,196.21993910020183,310.4111663111811,1.2e-09,54.0
275.0,577.8383638317443,466.17496502848496,205.6688539405834,302.91408266035063,1.1333333333333333e-09,55.0
280.0,575.5764455937148,468.7565197143646,210.10369864684105,300.75909426456224,1.0666666666666667e-09,56.0
285.0,573.647286341214,473.0332791799309,221.2188784684327,292.80744268778864,1e-09,57.0
290.0,571.9776609389025,476.80447725137856,231.0624208027422,285.7465772658562,9.840000000000001e-10,58.0
295.0,570.4701364751694,480.9152459575612,241.5795037894677,278.29737461406216,9.68e-10,59.0
300.0,569.0105641336005,485.199517219764,252.6733159786133,270.3793037687799,9.52e-10,60.0
305.0,567.4760616622129,476.16121654127824,232.59030692011493,283.2219879315852,1.108e-09,61.0
310.0,565.7428465950522,468.2957110806387,220.3625740191119,288.29434542038,1.264e-09,62.0
315.0,563.6933887000089,459.4670404570348,203.49561278959436,297.64119496214005,1.42e-09,63.0
320.0,561.2224974114811,456.28575700084775,199.0314102176937,299.13296137576054,1.4266666666666667e-09,64.0
325.0,558.242116756197,452.676370449788,194.50827968199928,300.19545438114966,1.4333333333333333e-09,65.0
330.0,554.6847438249904,448.5371122238893,189.85631756010395,300.79162170207604,1.44e-09,66.0
335.0,550.5055036641344,451.7502643056763,196.8181640467712,296.43267471965703,1.3233333333333333e-09,67.0
340.0,545.6829984626908,454.998071700487,208.7383606781765,286.3485011887332,1.2066666666666666e-09,68.0
345.0,540.2191030871012,457.3408555529849,220.7163420907334,275.1447830956413,1.09e-09,69.0
350.0,534.1379067841918,459.6497832156621,234.79638629617145,261.4574382784775,1.09e-09,70.0
355.0,527.4840079274186,461.0346887635957,249.10559245626783,246.42918175270685,1.09e-09,71.0
0.0,520.5549190588227,474.1651287924549,306.1205279351555,195.4006986712784,7.27e-10,0.0
5.0,511.4459956153683,468.34625947118457,309.6567771995146,184.5226538042674,6.626666666666667e-10,1.0
10.0,502.05531222520057,462.0421229707183,312.8072656502326,173.52890386102985,5.983333333333333e-10,2.0
15.0,492.4929433502933,455.3838863713433,315.66020097692245,162.4694016214196,5.34e-10,3.0
20.0,482.8761549148143,449.4142978239941,321.6676776040046,148.54258165115056,4.6433333333333333e-10,4.0
25.0,473.3272652720189,443.36130225556207,327.7491710512375,134.432710702703,3.9466666666666665e-10,5.0
30.0,463.9717206396407,434.3192825508653,290.62074207073994,167.09132613968063,3.25e-10,6.0
35.0,454.9363753746984,424.4736441216469,274.16966323848663,174.77207079437244,3.0600000000000003e-10,7.0
40.0,446.3479392590922,415.0220403231018,259.46613562893754,180.8789589467026,2.87e-10,8.0
45.0,438.3315306228727,406.11914031860897,246.4467132581873,185.66561286095552,2.68e-10,9.0
50.0,431.0092579120749,397.7725045525364,234.6593967984273,189.66640436524307,2.506666666666667e-10,10.0
55.0,424.4987458592883,390.2748433472888,224.5060210995642,192.75444447409828,2.3333333333333335e-10,11.0
60.0,418.9115283797829,383.7673672679333,215.9611009557256,195.12356547931128,2.16e-10,12.0
65.0,414.35125060626,378.9658817780112,210.5007234117287,195.88971903056105,1.9866666666666668e-10,13.0
70.0,410.9116572496861,375.408942985869,206.5858454418361,196.3059273767824,1.8133333333333333e-10,14.0
75.0,408.6743910575451,373.2023164746463,204.24796658776205,196.4585463800979,1.64e-10,15.0
80.0,407.7066773597752,372.16805049991854,202.8647284240258,196.86432799522416,1.6233333333333334e-10,16.0
85.0,408.0590192043479,372.6380580419454,203.1376264219933,197.0935251394792,1.6066666666666665e-10,17.0
90.0,409.7630616196573,374.6577257861183,205.1080979130302,197.1507300849861,1.59e-10,18.0
95.0,412.8297939016708,376.193463719316,203.72965254777407,200.53931531574645,1.7733333333333334e-10,19.0
100.0,417.248241212994,379.2628706508484,204.03717394404035,203.7508101241954,1.9566666666666666e-10,20.0
105.0,422.9847539929397,383.82709926665166,205.9891728323092,206.78828655156096,2.14e-10,21.0
110.0,429.9829453749633,392.6276969495376,216.48377173831,204.818517687474,2.1300000000000001e-10,22.0
115.0,438.1642666383969,402.8220625150923,229.0209313043128,202.09433861718543,2.12e-10,23.0
120.0,447.4291618829742,414.2939423097104,243.7098410367928,198.3536061312996,2.11e-10,24.0
125.0,457.6587142878557,424.8609623540204,254.8922060250611,197.6380887546038,2.2966666666666667e-10,25.0
130.0,468.7166896243192,436.3634734820263,267.8594702357545,195.93488749566484,2.4833333333333335e-10,26.0
135.0,480.45189420876017,448.62102706380153,282.6305199882107,193.0122175297568,2.67e-10,27.0
140.0,492.70078660569663,457.7702163901423,287.9697815857504,197.4423660516184,3.646666666666667e-10,28.0
145.0,505.290306740041,467.236228920624,294.4636106497108,200.89839333827115,4.623333333333334e-10,29.0
150.0,518.0409057936918,479.96609568247663,338.2928945929191,164.73628033669485,5.6e-10,30.0
155.0,530.769771143114,490.7056304933917,341.3014872003692,173.7257480151424,6.44e-10,31.0
160.0,543.2942411667957,501.13944166348426,343.95506893863933,182.77252642423832,7.28e-10,32.0
165.0,555.4353956592672,511.0712522412952,346.11129540085835,191.81390330283352,8.12e-10,33.0
170.0,567.021790768872,520.5176458605413,348.3148121689036,200.2358531298113,8.53e-10,34.0
175.0,577.8932853147041,529.1077711251518,349.7778220139412,208.5231966409425,8.94e-10,35.0
180.0,587.9048805473552,536.6764803723569,350.404819410634,216.59495460665448,9.35e-10,36.0
185.0,596.9304701583379,542.1949088468727,346.1100030052036,228.00570446705711,9.933333333333334e-10,37.0
190.0,604.86637353089,546.4638594742307,340.9319273239814,238.9906187793596,1.0516666666666667e-09,38.0
195.0,611.6345044772523,549.4076809450873,334.8648943585961,249.46835649592012,1.11e-09,39.0
200.0,617.1850114697365,552.316035255561,331.7434520759358,256.4797478832852,1.13e-09,40.0
205.0,621.4982151028743,553.8848751216265,327.6980569228162,263.0079281381515,1.1500000000000002e-09,41.0
210.0,624.5856659047914,555.0161100317456,331.09246011207983,260.37633711589046,1.17e-09,42.0
215.0,626.4901527687856,544.9801066369309,300.8996648572051,283.81446718572766,1.3400000000000001e-09,43.0
220.0,627.2845119096206,533.699554722692,272.59712188894804,303.60748003923715,1.51e-09,44.0
225.0,627.0691216479023,521.4056547145863,246.2172252518308,319.986545886925,1.68e-09,45.0
230.0,625.9680230248903,512.0127473659288,228.96030456681228,329.13074744083315,1.7366666666666667e-09,46.0
235.0,624.1236832242357,502.0592407193103,212.48825302844384,336.71045080333306,1.7933333333333333e-09,47.0
240.0,621.6905190217581,491.7767086432959,196.9139336721564,342.86369182690635,1.85e-09,48.0
245.0,618.8274180448088,493.3990775534028,203.1951132205577,337.44647015447094,1.74e-09,49.0
250.0,615.6896274814778,494.98960947531225,209.88796663824604,331.5135381826352,1.63e-09,50.0
255.0,612.4205065702464,496.698714511367,217.1025749503554,325.1117901872228,1.52e-09,51.0
260.0,609.1437373718214,498.31521938463374,224.2514285487769,318.678826553322,1.4199999999999999e-09,52.0
265.0,605.9566313603138,500.2681762832244,232.0530419399457,311.8780631898589,1.32e-09,53.0
270.0,602.9251342336781,502.6949909365046,240.56794364158364,304.79889220339646,1.22e-09,54.0
275.0,600.0810071254996,503.4392433912332,246.84992569858352,298.35967173563915,1.1566666666666666e-09,55.0
280.0,597.421457340187,503.57991131051216,246.90602335023527,298.45800925613594,1.0933333333333333e-09,56.0
285.0,594.9112349499295,505.1327537877304,254.09471930249308,291.90469126190385,1.03e-09,57.0
290.0,592.4869474056102,508.83520387455553,266.3292907053487,281.983619964194,1.0093333333333334e-09,58.0
295.0,590.0631203949071,512.6556900418738,279.2619072956724,271.3881194723272,9.886666666666666e-10,59.0
300.0,587.5393870102621,516.4344722973553,292.7940415678718,260.04701247614366,9.68e-10,60.0
305.0,584.8081364538061,510.958262648109,281.9363075656112,266.3045989331371,1.082e-09,61.0
310.0,581.761993365804,506.2468660602168,278.73658875758923,264.5468340728227,1.196e-09,62.0
315.0,578.3006074786647,500.3603604443009,268.37597576808326,269.7492845072298,1.31e-09,63.0
320.0,574.3363804465079,494.1971931249872,258.5239198116517,274.0386898992273,1.3433333333333335e-09,64.0
325.0,569.7989128946449,487.5496016619463,248.81392018185156,277.5996296280172,1.3766666666666667e-09,65.0
330.0,564.6380973406169,480.3369222246979,239.17516020692213,280.4206535090416,1.41e-09,66.0
335.0,558.8258981964223,478.8852540576903,240.03188531945577,277.7364752770169,1.32e-09,67.0
340.0,552.3569435477366,477.4058836911004,246.47844902050895,268.5202728727808,1.23e-09,68.0
345.0,545.2481058917115,475.05934600367584,252.47713543067,258.81652392209986,1.14e-09,69.0
350.0,537.5372750090264,475.4217179702533,267.445160535407,241.8332063195888,1.14e-09,70.0
355.0,529.281531420841,474.8687190960408,282.6938535020976,223.4591460394689,1.14e-09,71.0
0.0,475.8261317058472,429.6760894060005,286.63483731951527,166.32703730986657,4.97e-10,0.0
5.0,460.3525192392882,416.7624291152168,284.06013522435666,154.30499289634906,4.436666666666667e-10,1.0
10.0,444.89081776310826,403.8030631234229,281.284138290933,142.46386608429054,3.903333333333334e-10,2.0
15.0,429.5741125036325,390.9565616552098,278.43237224031094,130.84208071499864,3.37e-10,3.0
20.0,414.5360528610747,376.47959267333465,269.51400004110764,124.37859608398492,3.11e-10,4.0
25.0,399.9094413756391,362.3999536512858,260.7693656247056,118.1751023564886,2.85e-10,5.0
30.0,385.8251205613317,342.7556467052221,213.4128041051931,150.39865418608022,2.59e-10,6.0
35.0,372.4111194735815,327.3917997335311,194.7026782319462,154.2896761646336,2.4166666666666666e-10,7.0
40.0,359.7919964920314,312.9174656604323,178.1013669383036,156.76290549084734,2.2433333333333333e-10,8.0
45.0,348.0882946433133,299.4870264590704,163.50545745489688,158.11810349322502,2.07e-10,9.0
50.0,337.4160127510514,290.8761961678987,158.93770679498255,153.416848108042,1.7533333333333335e-10,10.0
55.0,327.8859920191642,283.5667089475734,155.83960036032434,148.51989370610357,1.436666666666667e-10,11.0
60.0,319.60312557907884,277.7031256700532,154.3296123418489,143.4575736374468,1.12e-10,12.0
65.0,312.6653196710886,268.9403645193531,144.51903301445876,144.67596686615624,1.1466666666666667e-10,13.0
70.0,307.16216952691224,261.8514877747166,136.67192056489483,145.5576362904904,1.1733333333333334e-10,14.0
75.0,303.173358167172,256.51943172821234,130.7167576343793,146.28217917887565,1.2e-10,15.0
80.0,300.76683655790674,253.5305002730313,127.65969373723992,146.36140294859462,1.21e-10,16.0
85.0,299.9968903601096,252.42130031366423,126.38503858861208,146.55379270354905,1.22e-10,17.0
90.0,300.90223205676403,253.2375111642833,126.90708747650422,146.8958414974175,1.23e-10,18.0
95.0,303.5042692108364,254.83108703985192,126.85561091196044,148.80869317196684,1.36e-10,19.0
100.0,307.8056861409744,258.37147397845274,128.61063476281453,150.88469676236997,1.49e-10,20.0
105.0,313.78944002267497,263.84267142366406,132.1746349144439,153.10236803397692,1.62e-10,21.0
110.0,321.41822221580816,272.68201320965096,140.6343924439982,153.54374507634043,1.6766666666666668e-10,22.0
115.0,330.6343839833765,283.42585140086214,151.24618018626035,153.69729211000205,1.7333333333333333e-10,23.0
120.0,341.36028475058686,296.0082061866692,164.1500696362838,153.32341459347143,1.79e-10,24.0
125.0,353.498998534686,308.7786031828605,175.87275739348846,154.54168115043254,2.0166666666666667e-10,25.0
130.0,366.9353119908452,323.1026661401247,189.72935503448184,155.08524547167775,2.243333333333333e-10,26.0
135.0,381.5369619329643,338.8313634810169,205.793414984511,154.6952889494255,2.47e-10,27.0
140.0,397.1560840637322,349.12942670402776,207.26926270953496,164.95367906336372,3.983333333333333e-10,28.0
145.0,413.6308701128181,360.41042848629706,210.24098982290496,174.61562635278153,5.496666666666666e-10,29.0
150.0,430.7874511360372,377.8801517452228,245.86464118305264,153.50640763043043,7.01e-10,30.0
155.0,448.4420363042767,391.2490240894688,246.7624103598357,168.00769038329426,8.539999999999999e-10,31.0
160.0,466.4033375497023,404.9245486628567,247.8192533932406,182.6805758949024,1.007e-09,32.0
165.0,484.47530135213526,418.6836550358893,248.86457610006437,197.46404527421512,1.16e-09,33.0
170.0,502.4601513856935,435.7519602940436,258.55966768436593,206.03754954613677,1.2066666666666666e-09,34.0
175.0,520.161721915531,452.5137732931316,267.9347206286754,214.6268054237863,1.2533333333333333e-09,35.0
180.0,537.389034047771,468.7540281538552,276.84938551478706,223.14493330124208,1.3e-09,36.0
185.0,553.9600373527603,485.302614106218,286.8423798633646,230.76771423587604,1.3266666666666666e-09,37.0
190.0,569.7054099309934,501.0077685395264,296.1778791317009,238.17429000909948,1.3533333333333334e-09,38.0
195.0,584.4722824045032,515.7060130916541,304.74648761625355,245.3017738086052,1.38e-09,39.0
200.0,598.127727238425,528.1694586657085,309.473086138995,254.29810758920175,1.3666666666666667e-09,40.0
205.0,610.5618359376772,539.361446881875,313.22560223288525,262.94865656859287,1.3533333333333332e-09,41.0
210.0,621.6901949752455,550.0884266842071,324.1375699921328,262.73355429310965,1.34e-09,42.0
215.0,631.4555691594637,543.5003553138272,286.7517621821589,298.5448757344981,1.5866666666666666e-09,43.0
220.0,639.8286114361309,535.3955897762828,253.3969166479707,327.9054338701304,1.8333333333333332e-09,44.0
225.0,646.8074442404499,525.8762376580341,223.5959126190292,351.4887500453545,2.08e-09,45.0
230.0,652.4160030320511,535.0405628501178,232.64773893210497,351.6195626953637,1.8966666666666665e-09,46.0
235.0,656.7011005468163,542.9664315206738,241.33011027474285,350.7399084255012,1.7133333333333334e-09,47.0
240.0,659.7282616648934,549.7195527312058,249.66874522843037,348.8962877939249,1.53e-09,48.0
245.0,661.5764909960002,554.6960760406605,256.24410213742755,347.0371789572476,1.4066666666666668e-09,49.0
250.0,662.3322600412158,558.6705288316778,262.4697703420222,344.4194866158785,1.2833333333333332e-09,50.0
255.0,662.0831229081111,561.7332666702816,268.38979879894754,341.0970556643419,1.16e-09,51.0
260.0,660.911467441044,567.4594513098696,282.2028045681386,331.6937752810826,1.0436666666666667e-09,52.0
265.0,658.888957612792,572.369318934382,296.3773252702664,320.9209228652508,9.273333333333333e-10,53.0
270.0,656.0722016370404,576.5729711523329,310.9343322495667,308.88213825903046,8.11e-10,54.0
275.0,652.5000780675514,579.3585467285301,326.292123603416,294.2632827036211,7.216666666666667e-10,55.0
280.0,648.192976184959,580.6756062246479,333.6211352306996,287.2726406906375,6.323333333333333e-10,56.0
285.0,643.1539833547213,582.0373448389086,349.3708358533322,270.54245230880974,5.43e-10,57.0
290.0,637.371820807367,578.3710902746868,351.7985659123141,263.45642367717755,5.74e-10,58.0
295.0,630.8251335895818,573.9523427843075,353.7451232340392,256.0549064538003,6.05e-10,59.0
300.0,623.4876141618805,568.7321072727757,355.14856185324976,248.35295979014649,6.36e-10,60.0
305.0,615.3333980757905,544.2056895544154,300.6901180705805,283.15764126027307,9.373333333333334e-10,61.0
310.0,606.3422099319994,519.8117557245873,260.6545105982337,301.345633867853,1.2386666666666667e-09,62.0
315.0,596.5038382738321,494.1155965624057,219.90998068649253,318.84373939059674,1.54e-09,63.0
320.0,585.8216516133091,488.5087384333816,223.9702349863826,307.60291098488256,1.44e-09,64.0
325.0,574.3150075993635,481.9218340311437,227.5372467325577,295.7960317425419,1.3400000000000001e-09,65.0
330.0,562.0205329522386,474.3732512365343,230.57811938522437,283.48271145501155,1.24e-09,66.0
335.0,548.9923511942051,469.15038651318446,236.5052702677475,270.51757702957786,1.0916666666666667e-09,67.0
340.0,535.3014041637505,463.8367510298893,248.4684187253719,250.42829337734585,9.433333333333334e-10,68.0
345.0,521.0340531713956,457.6831211102422,260.72902062015794,229.01639591870264,7.95e-10,69.0
350.0,506.2901609566288,448.601521424707,267.07127918593375,211.08167702182945,7.95e-10,70.0
355.0,491.18085199812776,438.9893719293114,273.287990801819,192.67602456685165,7.95e-10,71.0
